Contact_Type,Organization,Primary_Contact,Email,Phone,Website,Specialization,Best_Approach,Response_Time,Partnership_Potential,Notes
Corporate Partnership,Fitbit Health Solutions,Dr. Sarah Chen,enterprise@fitbit.com,1-877-623-4997,https://healthsolutions.fitbit.com/,Employee Wellness Programs,Enterprise sales team,1-2 weeks,High,Existing API and enterprise programs
Corporate Partnership,Garmin Health,Mike Johnson,health@garmin.com,1-913-397-8200,https://www.garmin.com/en-US/garmin-technology/health-science/,Clinical Research Partnerships,Research partnership team,2-3 weeks,High,Strong developer ecosystem
Academic Research,Stanford Digital Health Lab,Dr. Blackford Middleton,research@stanford.edu,1-650-723-2300,https://med.stanford.edu/,Digital Health Innovation,Academic collaboration,3-4 weeks,Medium,Leading digital health research
Academic Research,Harvard Chan School,Dr. Frank Hu,fhu@hsph.harvard.edu,1-617-432-1171,https://www.hsph.harvard.edu/,Population Health Studies,Faculty direct contact,2-4 weeks,Medium,Large-scale studies expertise
Healthcare System,Kaiser Permanente Research,Dr. Alan Go,research@kp.org,1-510-891-3400,https://www.kpwashingtonresearch.org/,Integrated Healthcare Research,Research division,4-6 weeks,High,Large patient population
Healthcare System,Mayo Clinic Innovation,Innovation Team,innovation@mayo.edu,1-507-284-2511,https://www.mayo.edu/research/,Clinical Technology Validation,Innovation department,3-5 weeks,High,Comprehensive research capabilities
Technology Platform,Validic Health Data,Business Development,partners@validic.com,1-919-234-9306,https://validic.com/,Health Data Integration,Partnership team,1-3 weeks,High,Healthcare data platform
Technology Platform,HealthTap Research,Dr. Ron Gutman,research@healthtap.com,1-650-681-7830,https://www.healthtap.com/,AI-Powered Healthcare,Research team,2-4 weeks,Medium,Large physician network
Patient Community,PatientsLikeMe,Research Team,research@patientslikeme.com,1-617-499-3200,https://www.patientslikeme.com/,Real-world Evidence,Research partnerships,2-3 weeks,High,700k+ patient community
Patient Community,Smart Patients,Community Team,hello@smartpatients.com,1-650-600-1357,https://www.smartpatients.com/,Cancer Patient Support,Community partnerships,1-2 weeks,Medium,Engaged cancer community
Regulatory Consultant,Digital Medicine Society,Dr. Jennifer Goldsack,info@dimesociety.org,1-857-239-0071,https://www.dimesociety.org/,Digital Health Standards,Membership team,2-4 weeks,Medium,Industry best practices
Regulatory Consultant,FDA Digital Health Center,Dr. Bakul Patel,CDRH-DigitalHealth@fda.hhs.gov,1-301-796-5900,https://www.fda.gov/medical-devices/digital-health-center-excellence/,Digital Health Regulation,Regulatory guidance,6-12 weeks,Low,Government regulatory guidance
Corporate Wellness,Virgin Pulse,Enterprise Sales,sales@virginpulse.com,1-888-671-9395,https://www.virginpulse.com/,Employee Engagement,Sales team,1-2 weeks,High,Large corporate client base
Corporate Wellness,Welltok,Partnership Team,partnerships@welltok.com,1-303-222-8200,https://welltok.com/,Population Health Management,Business development,2-3 weeks,High,AI-driven wellness platform
Wearable Technology,Oura Research,Dr. Shyamal Patel,research@ouraring.com,358-9-4242-6450,https://ouraring.com/research,Sleep & Recovery Research,Research team,2-4 weeks,High,High-quality biometric data
Wearable Technology,Whoop Performance,Will Ahmed,partnerships@whoop.com,1-617-670-1074,https://www.whoop.com/,Athletic Performance,Partnership team,1-3 weeks,Medium,Focus on recovery metrics
Clinical Research,Clinical Trials Network,Network Coordinator,info@ctnnetwork.org,1-301-402-1147,https://clinicaltrials.gov/,Clinical Trial Registry,Network coordination,4-8 weeks,Medium,Government trial database
Clinical Research,Association of Clinical Research Organizations,Executive Director,info@acrohealth.org,1-202-293-8830,https://www.acrohealth.org/,Clinical Research Standards,Industry association,3-6 weeks,Low,CRO industry standards
Nutrition Research,Precision Nutrition,Research Team,research@precisionnutrition.com,1-888-896-7665,https://www.precisionnutrition.com/,Nutrition Coaching Research,Research partnerships,2-4 weeks,High,Data-driven nutrition platform
Nutrition Research,Council for Responsible Nutrition,Dr. Andrea Wong,awong@crnusa.org,1-202-204-7700,https://www.crnusa.org/,Supplement Research,Scientific affairs,3-5 weeks,Medium,Industry self-regulation
Mental Health Research,Headspace Health,Research Team,research@headspace.com,1-888-842-4632,https://www.headspace.com/work,Meditation & Mindfulness,Research partnerships,2-3 weeks,Medium,Workplace mental health focus
Mental Health Research,Calm for Business,Enterprise Team,business@calm.com,1-855-627-3798,https://www.calm.com/business,Stress Reduction Programs,Enterprise sales,1-2 weeks,Medium,Corporate wellness programs
Telemedicine Research,Teladoc Health Research,Dr. Peter McClennen,research@teladochealth.com,1-855-835-2362,https://www.teladochealth.com/,Virtual Care Research,Research division,3-5 weeks,High,Leading telemedicine provider
Telemedicine Research,Amwell Research,Research Team,research@amwell.com,1-855-992-6935,https://amwell.com/,Telehealth Platform,Research partnerships,2-4 weeks,Medium,Healthcare system partnerships
Government Health,CDC Community Health,Office of Strategy,cdcinfo@cdc.gov,1-800-232-4636,https://www.cdc.gov/communityhealth/,Public Health Research,Program offices,6-12 weeks,Medium,Government health initiatives
Government Health,NIH All of Us,Participant Experience,info@allofusresearch.nih.gov,1-844-842-2855,https://allofusresearch.nih.gov/,Precision Medicine Research,Program coordination,8-16 weeks,Low,Large-scale longitudinal study
Pharmaceutical Research,Pfizer Digital Medicine,Digital Health Team,digital.health@pfizer.com,1-212-733-2323,https://www.pfizer.com/,Digital Therapeutics,Innovation partnerships,4-8 weeks,Low,Pharmaceutical research focus
Pharmaceutical Research,Novartis Digital Health,Innovation Team,digital@novartis.com,41-61-324-1111,https://www.novartis.com/,Digital Medicine,External innovation,6-10 weeks,Low,Global pharmaceutical company
Medical Device,Medtronic Research,Clinical Affairs,clinical.research@medtronic.com,1-763-514-4000,https://www.medtronic.com/,Medical Device Studies,Clinical research,4-6 weeks,Medium,Device-focused research
Medical Device,Abbott Digital Health,Digital Solutions,digital@abbott.com,1-224-667-6100,https://www.abbott.com/,Continuous Monitoring,Digital health team,3-5 weeks,Medium,Glucose monitoring expertise
Insurance Research,Aetna Better Health,Population Health,research@aetna.com,1-800-872-3862,https://www.aetnabetterhealth.com/,Value-based Care,Population health team,4-8 weeks,High,Focus on health outcomes
Insurance Research,Humana Population Health,Research Division,research@humana.com,1-502-580-1000,https://www.humana.com/,Medicare Advantage Research,Research partnerships,5-10 weeks,Medium,Senior population focus
